{
    "centerOfRotation": [
        -0.005878899246454239, 
        0.12495124898850918, 
        -0.004603400826454163
    ], 
    "camera": {
        "position": [
            -0.2464486771189442, 
            0.30523285824838864, 
            0.7512458231633633
        ], 
        "viewUp": [
            0.3687059358636066, 
            0.9238224727511337, 
            -0.10299500812623433
        ], 
        "clippingRange": [
            0.6284504694917381, 
            1.0482639544779766
        ], 
        "focalPoint": [
            -0.005878899246454239, 
            0.12495124898850918, 
            -0.004603400826454163
        ]
    }, 
    "fetchGzip": false, 
    "background": [
        0.32, 
        0.34, 
        0.43
    ], 
    "scene": [
        {
            "httpDataSetReader": {
                "url": "0"
            }, 
            "mapper": {
                "colorByArrayName": "__CustomRGBColorArray__", 
                "colorMode": 0, 
                "scalarMode": 3
            }, 
            "property": {
                "opacity": 1.0, 
                "representation": 2, 
                "diffuseColor": [
                    1.0, 
                    1.0, 
                    1.0
                ], 
                "pointSize": 2.0, 
                "edgeVisibility": 0
            }, 
            "type": "httpDataSetReader", 
            "lookupTable": {
                "tableRange": [
                    229.30616760253906, 
                    252.7589874267578
                ], 
                "hueRange": [
                    0.5, 
                    0
                ]
            }
        }
    ]
}